EnumTypesDirectory;EnumTypesFile;InteropEnumsDirectory;InteropEnumsFile;TypeNameSimilarityPercent;FieldsSimilarityPercent
Wordprocessing\Document;CaptionPosition.cs;Word;WdCaptionPosition.cs;100;100
Wordprocessing\Unused;CollapseDirection.cs;Word;WdCollapseDirection.cs;100;100
Drawings.Charts\Data;DataLabelPosition.cs;Core;XlDataLabelPosition.cs;100;100
Drawings.Charts\Common\Analysis;ErrorBarDirection.cs;Core;XlErrorBarDirection.cs;100;100
Wordprocessing\Unused;Information.cs;Word;WdInformation.cs;100;100
Wordprocessing\Run properties;Ligatures.cs;Word;WdLigatures.cs;100;100
Drawings\3D;LightRigType.cs;Core;MsoLightRigType.cs;100;100
Wordprocessing\Unused;ListLevelAlignment.cs;Word;WdListLevelAlignment.cs;100;100
Wordprocessing\Mail merge;MailMergeDestination.cs;Word;WdMailMergeDestination.cs;100;100
Drawings.ChartStyle;MarkerStyle.cs;Core;XlMarkerStyle.cs;100;100
Wordprocessing\Unused;MeasurementUnits.cs;Word;WdMeasurementUnits.cs;100;100
Wordprocessing\Run properties;NumberForm.cs;Word;WdNumberForm.cs;100;100
Wordprocessing\Run properties;NumberSpacing.cs;Word;WdNumberSpacing.cs;100;100
Wordprocessing\Paragraph properties;OutlineLevel.cs;Word;WdOutlineLevel.cs;100;100
Wordprocessing\Sections;PaperSize.cs;Word;WdPaperSize.cs;100;100
Wordprocessing\Unused;ParagraphAlignment.cs;Core;MsoParagraphAlignment.cs;100;100
Wordprocessing\Drawings;PresetCamera.cs;Core;MsoPresetCamera.cs;100;100
Drawings.Charts\Specific char types;SizeRepresents.cs;Core;XlSizeRepresents.cs;100;100
Wordprocessing\Unused;SortOrder.cs;Core;MsoSortOrder.cs;100;100
Wordprocessing\Unused;Statistic.cs;Word;WdStatistic.cs;100;100
Wordprocessing\Unused;TabAlignment.cs;Word;WdTabAlignment.cs;100;100
Wordprocessing\Unused;TextOrientation.cs;Core;MsoTextOrientation.cs;100;100
Drawings\Text elements and properties;TextStrike.cs;Core;MsoTextStrike.cs;100;100
Drawings.Charts\Common\Axis;TickLabelPosition.cs;Core;XlTickLabelPosition.cs;100;100
Drawings.Charts\Common\Axis;TickMark.cs;Core;XlTickMark.cs;100;100
Drawings.Charts\Common\Axis;TimeUnit.cs;Core;XlTimeUnit.cs;100;100
Windows;WindowState.cs;Word;WdWindowState.cs;100;100
Windows;WindowType.cs;Word;WdWindowType.cs;100;100
Wordprocessing\Drawings;LightRigType.cs;Core;MsoLightRigType.cs;100;92
Drawings.Charts\Formatting;MarkerStyle.cs;Core;XlMarkerStyle.cs;100;91
Drawings.Charts\Common;LegendPosition.cs;Core;XlLegendPosition.cs;100;90
Wordprocessing\Unused;BaselineAlignment.cs;Core;MsoBaselineAlignment.cs;100;83
Drawings.Charts\Common\Analysis;TrendlineType.cs;Core;XlTrendlineType.cs;100;83
Wordprocessing\Drawings;PresetMaterial.cs;Core;MsoPresetMaterial.cs;100;72
Wordprocessing\Unused;TabLeader.cs;Word;WdTabLeader.cs;100;66
Wordprocessing\Paragraph properties;TabStopType.cs;Core;MsoTabStopType.cs;100;66
Wordprocessing\Unused;TrailingCharacter.cs;Word;WdTrailingCharacter.cs;100;66
Wordprocessing.Vml;WrapType.cs;Word;WdWrapType.cs;100;61
Wordprocessing\Styles;StyleType.cs;Word;WdStyleType.cs;100;60
Wordprocessing\Paragraph properties;TextBoxTightWrap.cs;Word;WdTextboxTightWrap.cs;100;60
Wordprocessing\Frames and framesets;VerticalAlignment.cs;Word;WdVerticalAlignment.cs;100;60
Vml;ScreenSize.cs;Core;MsoScreenSize.cs;100;58
Vml;ConnectorType.cs;Core;MsoConnectorType.cs;100;50
Vml;FillType.cs;Core;MsoFillType.cs;100;50
Wordprocessing\Common;TextDirection.cs;Core;MsoTextDirection.cs;100;37
Drawings.Charts\Common;DisplayBlanksAs.cs;Core;XlDisplayBlanksAs.cs;100;33
Drawings\Shape properties;BlackWhiteMode.cs;Core;MsoBlackWhiteMode.cs;100;26
Drawings\Text elements and properties;TextCaps.cs;Core;MsoTextCaps.cs;100;25
Wordprocessing\Run properties;EmphasisMark.cs;Word;WdEmphasisMark.cs;100;20
Wordprocessing\Frames and framesets;VerticalAnchor.cs;Core;MsoVerticalAnchor.cs;100;20
Wordprocessing\Unused;Color.cs;Core;MsoColorType.cs;100;8
Wordprocessing\Unused;StylisticSet.cs;Word;WdStylisticSet.cs;100;4
Vml;ShadowType.cs;Core;MsoShadowType.cs;100;3
Drawings.Diagrams;AxisType.cs;Core;XlAxisType.cs;100;0
Vml;BorderType.cs;Word;WdBorderType.cs;100;0
Wordprocessing\Common;BorderType.cs;Word;WdBorderType.cs;100;0
Wordprocessing\Run content;BreakType.cs;Word;WdBreakType.cs;100;0
Wordprocessing\Unused;ColorIndex.cs;Core;XlColorIndex.cs;100;0
Wordprocessing\Document;DocumentType.cs;Word;WdDocumentType.cs;100;0
Drawings.Charts\Common\Analysis;ErrorBarType.cs;Core;XlErrorBarType.cs;100;0
Wordprocessing\Frames and framesets;HorizontalAnchor.cs;Core;MsoHorizontalAnchor.cs;100;0
Drawings.Charts\Common;LayoutMode.cs;Word;WdLayoutMode.cs;100;0
Drawings.Charts\Common\Axis;Orientation.cs;Core;MsoOrientation.cs;100;0
Wordprocessing\Unused;Story.cs;Word;WdStoryType.cs;100;0
Wordprocessing\Settings;ViewType.cs;Word;WdViewType.cs;100;0
Wordprocessing\Unused;BuildingBlockType.cs;Word;WdBuildingBlockTypes.cs;97;40
Vml;HorizontalRuleAlignment.cs;Word;WdHorizontalLineAlignment.cs;91;100
Vml;ConnectType.cs;Core;MsoConnectorType.cs;91;0
Math;HorizontalAlignment.cs;Word;WdHorizontalLineAlignment.cs;90;100
Wordprocessing\Frames and framesets;HorizontalAlignment.cs;Word;WdHorizontalLineAlignment.cs;90;75
Vml;BlackAndWhiteMode.cs;Core;MsoBlackWhiteMode.cs;90;60
Colors;WdColors.cs;Word;WdColor.cs;90;26
Wordprocessing\Numbering;NumberFormat.cs;Word;WdNumberForm.cs;90;0
Wordprocessing\Paragraph properties;VerticalTextAlignment.cs;Word;WdVerticalAlignment.cs;89;66
Drawings\Text elements and properties;TextAlignment.cs;Core;MsoTextureAlignment.cs;89;35
Wordprocessing\Unused;Unit.cs;Word;WdUnits.cs;88;100
Wordprocessing\Run properties;UnderlineType.cs;Core;XlUnderlineStyle.cs;88;26
Drawings.Diagrams;Connection.cs;Core;MsoConnectorType.cs;88;0
Wordprocessing.Vml;HorizontalAnchorType.cs;Core;MsoHorizontalAnchor.cs;88;0
Drawings\Line properties;LineEndType.cs;Word;WdLineEndingType.cs;88;0
Wordprocessing\Mail merge;MailMergeSource.cs;Word;WdMailMergeDataSource.cs;88;0
Wordprocessing\Table properties;TableVerticalAlignment.cs;Word;WdVerticalAlignment.cs;87;85
Drawings\3D;PresetMaterialType.cs;Core;MsoPresetMaterial.cs;87;75
Wordprocessing.Vml;VerticalAnchorType.cs;Core;MsoVerticalAnchor.cs;87;20
Drawings.Charts\Formatting;ColorSchemeIndex.cs;Core;MsoThemeColorSchemeIndex.cs;86;100
Drawings\Text elements and properties;TextFontAlignment.cs;Core;MsoTextFontAlign.cs;86;83
Wordprocessing\Footnotes and endnotes;NoteReferenceType.cs;Word;WdReferenceType.cs;86;50
Drawings\Text elements and properties;TextUnderline.cs;Core;MsoTextUnderlineType.cs;86;10
Math;Justification.cs;Word;WdJustificationMode.cs;86;0
Wordprocessing\Paragraph properties;Justification.cs;Word;WdJustificationMode.cs;86;0
Drawings.Charts\Formatting;PictureFormat.cs;Word;XlCopyPictureFormat.cs;86;0
Drawings\3D;PresetCameraType.cs;Core;MsoPresetCamera.cs;85;100
Drawings\Text elements and properties;TextTabAlignment.cs;Core;MsoTextTabAlign.cs;85;100
Vml;Alignment.cs;Word;WdRowAlignment.cs;85;66
Drawings.Charts\Common\Analysis;ErrorType.cs;Core;XlErrorBarType.cs;85;40
Wordprocessing\Styles;BuiltInStyleType.cs;Word;WdBuiltinStyle.cs;85;31
Wordprocessing\Unused;BulletStyle.cs;Core;MsoBulletType.cs;85;16
Wordprocessing\Unused;ListLevelNumberStyle.cs;Word;WdListNumberStyle.cs;85;2
Drawings\Line properties;LineEndWidth.cs;Word;WdLineWidth.cs;85;0
Wordprocessing\Unused;NumberStyle.cs;Word;WdNumberType.cs;85;0
Drawings.Charts\Common\Axis;LabelAlignment.cs;Word;WdTabAlignment.cs;84;66
Wordprocessing\Document;PageOrientation.cs;Core;MsoOrientation.cs;84;33
Drawings.ChartDrawings;PageOrientation.cs;Core;MsoOrientation.cs;84;28
Wordprocessing\Paragraph properties;LineSpacingRule.cs;Word;WdLineSpacing.cs;84;22
Vml;OleType.cs;Word;WdOLEType.cs;83;80
Wordprocessing\Sdt;DateFormat.cs;Core;MsoDateTimeFormat.cs;83;0
Vml;ExtrusionType.cs;Core;MsoExtrusionColorType.cs;83;0
Drawings.ChartDrawings;GeoProjectionType.cs;Word;WdProtectionType.cs;83;0
Wordprocessing\Table properties;TableRowAlignment.cs;Word;WdRowAlignment.cs;82;100
Drawings.ChartDrawings;DataLabelPos.cs;Core;XlDataLabelPosition.cs;82;19
Drawings.Charts\Specific char types;BarDirection.cs;Core;XlErrorBarDirection.cs;82;0
Vml;FillKind.cs;Word;WdFieldKind.cs;82;0
Wordprocessing\Unused;SortField.cs;Word;WdSortFieldType.cs;81;66
Drawings.Diagrams;Direction.cs;Core;MsoTextDirection.cs;81;33
Wordprocessing\Common;Direction.cs;Core;MsoTextDirection.cs;81;33
Wordprocessing\Paragraph properties;TabStopLeader.cs;Word;WdTabLeader.cs;81;33
Drawings.Diagrams;ElementEType.cs;Core;MsoSegmentType.cs;81;0
Wordprocessing\Fields and hyperlinks;FieldCharType.cs;Word;WdFieldType.cs;81;0
Wordprocessing\Unused;FontProperties.cs;Core;DocProperties.cs;81;0
Wordprocessing\Footnotes and endnotes;FootnotePosition.cs;Word;WdFootnoteLocation.cs;81;0
Wordprocessing\Mail merge;MailMergeData.cs;Word;WdMailMergeState.cs;81;0
Wordprocessing.Vml;WrapSide.cs;Word;WdWrapSideType.cs;80;100
Wordprocessing\Drawings;LightRigDirection.cs;Core;MsoPresetLightingDirection.cs;80;94
Drawings\3D;LightRigDirection.cs;Core;MsoPresetLightingDirection.cs;80;94
Math;RowSpacingRule.cs;Word;WdOMathSpacingRule.cs;80;80
Wordprocessing\Sdt;Calendar.cs;Word;WdCalendarType.cs;80;38
Drawings.Diagrams;HueDirection.cs;Core;MsoTextDirection.cs;80;33
Wordprocessing\Document;DocPartType.cs;Core;XlChartType.cs;80;0
Wordprocessing\Footnotes and endnotes;EndnotePosition.cs;Word;WdEndnoteLocation.cs;80;0
Vml;RuleType.cs;Word;WdOLEType.cs;80;0
Drawings.Diagrams;StorageType.cs;Word;WdStoryType.cs;80;0
Wordprocessing\Run properties;VerticalPosition.cs;Word;WdRelativeVerticalPosition.cs;80;0
Common properties;DocPropertyType.cs;Core;DocProperties.cs;78;100
Drawings.Charts\Common\Axis;AxisPosition.cs;Core;MsoBarPosition.cs;78;72
Wordprocessing\Drawings;SizeRelativeHorizontally.cs;Word;WdRelativeHorizontalSize.cs;78;33
Wordprocessing\Headers and footers;HeaderFooterType.cs;Word;WdHeaderFooterIndex.cs;78;0
Drawings.Charts\Specific char types;ScatterStyle.cs;Word;WdGutterStyle.cs;78;0
Wordprocessing\Document;SectionMarkType.cs;Word;WdSelectionType.cs;78;0
Wordprocessing\Fields and hyperlinks;TextBoxFormField.cs;Word;WdTextFormFieldType.cs;78;0
Drawings.Charts\Common\Axis;Crosses.cs;Core;XlAxisCrosses.cs;77;57
Wordprocessing\Drawings;PenAlignment.cs;Word;WdPageNumberAlignment.cs;77;28
Drawings\Line properties;PenAlignment.cs;Word;WdPageNumberAlignment.cs;77;28
CustomUI;BoxStyle.cs;Core;MsoComboStyle.cs;77;0
Wordprocessing\Unused;DateStorageFormat.cs;Core;MsoDateTimeFormat.cs;77;0
Wordprocessing\Document;DocumentProtectionType.cs;Word;WdProtectionType.cs;77;0
Math;RunStyle.cs;Word;WdRulerStyle.cs;77;0
Wordprocessing\Document;TargetScreenSize.cs;Core;MsoScreenSize.cs;76;100
Drawings\Background properties;TargetScreenSize.cs;Core;MsoScreenSize.cs;76;100
Math;VertAlignmentType.cs;Word;WdVerticalAlignment.cs;76;85
Drawings.Charts\Formatting;Shape.cs;Core;XlBarShape.cs;76;50
Drawings.ChartDrawings;TickMarksType.cs;Core;XlTickMark.cs;76;50
Wordprocessing\Drawings;SizeRelativeVertically.cs;Word;WdRelativeVerticalSize.cs;76;33
Wordprocessing\Unused;Comparison.cs;Core;MsoFilterComparison.cs;76;25
Wordprocessing\Table properties;TableLayout.cs;Core;MsoCalloutType.cs;76;25
Math;FractionType.cs;Core;MsoReflectionType.cs;76;12
Wordprocessing\Run properties;TextEffect.cs;Core;MsoPresetTextEffect.cs;76;3
Wordprocessing\Fields and hyperlinks;InfoTextType.cs;Word;WdIndexType.cs;76;0
Wordprocessing\Unused;InteropStyle.cs;Core;MsoLineStyle.cs;76;0
Wordprocessing\Common;ProofingError.cs;Word;WdProofreadingErrorType.cs;76;0
Colors;ThemeColors.cs;Core;MsoThemeColorIndex.cs;76;0
Vml;StrokeLineStyle.cs;Core;MsoLineStyle.cs;75;90
Wordprocessing\Unused;TwoLinesInOneBracket.cs;Word;WdTwoLinesInOneType.cs;75;90
Drawings.ChartDrawings;FormulaDirection.cs;Word;WdFlowDirection.cs;75;0
Wordprocessing\Document;PageBorderOffset.cs;Word;WdPageBorderArt.cs;75;0
Wordprocessing\Document;PageBorderZOrder.cs;Word;WdPageBorderArt.cs;75;0
Wordprocessing\Frames and framesets;DropCapLocation.cs;Word;WdDropPosition.cs;74;66
Drawings\Effects;RectangleAlignment.cs;Word;WdVerticalAlignment.cs;74;46
Wordprocessing\Drawings;RectangleAlignment.cs;Word;WdVerticalAlignment.cs;74;42
Drawings.Charts\Common;PageSetupOrientation.cs;Core;MsoTextOrientation.cs;74;18
Drawings\Fill types;PresetPattern.cs;Core;MsoPresetMaterial.cs;74;2
Wordprocessing\Numbering;LevelJustification.cs;Word;WdJustificationMode.cs;74;0
Math;LimitLocation.cs;Core;MsoScriptLocation.cs;74;0
Drawings\Line properties;LineEndLength.cs;Word;WdLineEndingType.cs;74;0
Wordprocessing\Drawings;LineCap.cs;Core;MsoLineCapStyle.cs;73;100
Drawings\Line properties;LineCap.cs;Core;MsoLineCapStyle.cs;73;100
Wordprocessing\Unused;ListLevelPosition.cs;Word;WdTablePosition.cs;73;60
Wordprocessing\Document;DocPartGalleryType.cs;Word;XlChartGallery.cs;73;0
Wordprocessing\Document;PageBorderDisplay.cs;Word;WdPageBorderArt.cs;73;0
Wordprocessing\Sdt;SdtAppearance.cs;Word;XlPictureAppearance.cs;73;0
Wordprocessing\Bibliography;SourceType.cs;Core;XlScaleType.cs;73;0
Drawings\Effects;EffectContainment.cs;Core;MsoTextEffectAlignment.cs;72;20
Drawings.Diagrams;ConstraintType.cs;Core;MsoControlType.cs;72;0
Wordprocessing\Mail merge;MailMergeDocument.cs;Word;WdMailMergeDataSource.cs;72;0
Wordprocessing\Numbering;MultiLevel.cs;Word;WdOutlineLevel.cs;72;0
Vml;StrokeJoinStyle.cs;Core;MsoLineJoinStyle.cs;71;100
Wordprocessing\Unused;Index.cs;Word;WdIndexType.cs;71;16
Wordprocessing\Document;CharacterSpacing.cs;Core;MsoCharacterSet.cs;71;0
Drawings.Charts\Common;ChartBuildStep.cs;Core;MsoChartFieldType.cs;71;0
Common properties;DocumentSecurity.cs;Word;WdDocumentType.cs;71;0
Common properties;HyperlinkAction.cs;Core;MsoHyperlinkType.cs;71;0
Drawings.ChartDrawings;PosAlign.cs;Core;XlHAlign.cs;71;0
Drawings\Shape properties;Shapes.cs;Core;XlBarShape.cs;71;0
CustomUI;Style.cs;Core;MsoLineStyle.cs;71;0
Wordprocessing\Drawings;BevelPreset.cs;Core;MsoBevelType.cs;70;92
Drawings\Text elements and properties;TextShape.cs;Core;MsoTextCaps.cs;70;4
Wordprocessing\Document;ChapterSeparator.cs;Word;XlDataLabelSeparator.cs;70;0
Wordprocessing\Document;CryptProvider.cs;Core;EncryptionProviderDetail.cs;70;0
Wordprocessing\Unused;DateItem.cs;Core;XlChartItem.cs;70;0
Wordprocessing\Mail merge;MailMergeOdsoField.cs;Word;WdMailMergeDataSource.cs;70;0
Drawings.Diagrams;PointType.cs;Core;MsoIconType.cs;70;0
Drawings.Charts\Specific char types;RadarStyle.cs;Word;WdRulerStyle.cs;70;0
Wordprocessing\Unused;SchemeColor.cs;Word;WdCellColor.cs;70;0
