EnumTypesFullName,InteropEnumsFullName
DocumentModel.Drawings.BlackWhiteMode,MsoBlackWhiteMode
DocumentModel.Drawings.Charts.DataLabelPosition,DocumentModel.Interop.Core.XlDataLabelPosition
DocumentModel.Drawings.Charts.DisplayBlanksAs,DocumentModel.Interop.Core.XlDisplayBlanksAs
DocumentModel.Drawings.Charts.ErrorBarDirection,DocumentModel.Interop.Core.XlErrorBarDirection
DocumentModel.Drawings.Charts.ErrorBarType,DocumentModel.Interop.Core.XlErrorBarType
DocumentModel.Drawings.Charts.LayoutMode,DocumentModel.Interop.Word.WdLayoutMode
DocumentModel.Drawings.Charts.LegendPosition,DocumentModel.Interop.Core.XlLegendPosition
DocumentModel.Drawings.Charts.MarkerStyle,DocumentModel.Interop.Core.XlMarkerStyle
DocumentModel.Drawings.Charts.Orientation,MsoOrientation
DocumentModel.Drawings.Charts.SizeRepresents,DocumentModel.Interop.Core.XlSizeRepresents
DocumentModel.Drawings.Charts.TickLabelPosition,DocumentModel.Interop.Core.XlTickLabelPosition
DocumentModel.Drawings.Charts.TickMark,DocumentModel.Interop.Core.XlTickMark
DocumentModel.Drawings.Charts.TimeUnit,DocumentModel.Interop.Core.XlTimeUnit
DocumentModel.Drawings.Charts.TrendlineType,DocumentModel.Interop.Core.XlTrendlineType
DocumentModel.Drawings.ChartsStyle.MarkerStyle,DocumentModel.Interop.Core.XlMarkerStyle
DocumentModel.Drawings.Diagrams.AxisType,DocumentModel.Interop.Core.XlAxisType
DocumentModel.Drawings.LightRigType,MsoLightRigType
DocumentModel.Drawings.TextCaps,MsoTextCaps
DocumentModel.Drawings.TextStrike,MsoTextStrike
DocumentModel.Math.VerticalAlignment,DocumentModel.Interop.Word.WdVerticalAlignment
DocumentModel.Vml.BorderType,DocumentModel.Interop.Word.WdBorderType
DocumentModel.Vml.ConnectorType,MsoConnectorType
DocumentModel.Vml.FillType,MsoFillType
DocumentModel.Vml.ScreenSize,MsoScreenSize
DocumentModel.Vml.ShadowType,MsoShadowType
DocumentModel.WindowState,DocumentModel.Interop.Word.WdWindowState
DocumentModel.WindowType,DocumentModel.Interop.Word.WdWindowType
DocumentModel.Wordprocessing.BaselineAlignment,MsoBaselineAlignment
DocumentModel.Wordprocessing.BorderType,DocumentModel.Interop.Word.WdBorderType
DocumentModel.Wordprocessing.BreakType,DocumentModel.Interop.Word.WdBreakType
DocumentModel.Wordprocessing.CaptionPosition,DocumentModel.Interop.Word.WdCaptionPosition
DocumentModel.Wordprocessing.CollapseDirection,DocumentModel.Interop.Word.WdCollapseDirection
DocumentModel.Wordprocessing.ColorIndex,DocumentModel.Interop.Core.XlColorIndex
DocumentModel.Wordprocessing.ColorType,MsoColorType
DocumentModel.Wordprocessing.DocumentType,DocumentModel.Interop.Word.WdDocumentType
DocumentModel.Wordprocessing.Drawings.LightRigType,MsoLightRigType
DocumentModel.Wordprocessing.Drawings.PresetCamera,MsoPresetCamera
DocumentModel.Wordprocessing.Drawings.PresetMaterial,MsoPresetMaterial
DocumentModel.Wordprocessing.EmphasisMark,DocumentModel.Interop.Word.WdEmphasisMark
DocumentModel.Wordprocessing.HorizontalAnchor,MsoHorizontalAnchor
DocumentModel.Wordprocessing.Information,DocumentModel.Interop.Word.WdInformation
DocumentModel.Wordprocessing.Ligatures,DocumentModel.Interop.Word.WdLigatures
DocumentModel.Wordprocessing.ListLevelAlignment,DocumentModel.Interop.Word.WdListLevelAlignment
DocumentModel.Wordprocessing.MailMergeDestination,DocumentModel.Interop.Word.WdMailMergeDestination
DocumentModel.Wordprocessing.MeasurementUnits,DocumentModel.Interop.Word.WdMeasurementUnits
DocumentModel.Wordprocessing.NumberForm,DocumentModel.Interop.Word.WdNumberForm
DocumentModel.Wordprocessing.NumberSpacing,DocumentModel.Interop.Word.WdNumberSpacing
DocumentModel.Wordprocessing.ParagraphAlignment,MsoParagraphAlignment
DocumentModel.Wordprocessing.SortOrder,DocumentModel.Interop.Core.MsoSortOrder
DocumentModel.Wordprocessing.Statistic,DocumentModel.Interop.Word.WdStatistic
DocumentModel.Wordprocessing.StoryType,DocumentModel.Interop.Word.WdStoryType
DocumentModel.Wordprocessing.StyleType,DocumentModel.Interop.Word.WdStyleType
DocumentModel.Wordprocessing.StylisticSet,DocumentModel.Interop.Word.WdStylisticSet
DocumentModel.Wordprocessing.TabAlignment,DocumentModel.Interop.Word.WdTabAlignment
DocumentModel.Wordprocessing.TabLeader,DocumentModel.Interop.Word.WdTabLeader
DocumentModel.Wordprocessing.TabStopType,MsoTabStopType
DocumentModel.Wordprocessing.TextBoxTightWrap,DocumentModel.Interop.Word.WdTextboxTightWrap
DocumentModel.Wordprocessing.TextDirection,MsoTextDirection
DocumentModel.Wordprocessing.TextOrientation,MsoTextOrientation
DocumentModel.Wordprocessing.TrailingCharacter,DocumentModel.Interop.Word.WdTrailingCharacter
DocumentModel.Wordprocessing.VerticalAlignment,DocumentModel.Interop.Word.WdVerticalAlignment
DocumentModel.Wordprocessing.VerticalAnchor,MsoVerticalAnchor
DocumentModel.Wordprocessing.ViewType,DocumentModel.Interop.Word.WdViewType
DocumentModel.Wordprocessing.Vml.WrapType,DocumentModel.Interop.Word.WdWrapType
OutlineLevel,DocumentModel.Interop.Word.WdOutlineLevel
PaperSize,DocumentModel.Interop.Word.WdPaperSize
DocumentModel.Wordprocessing.BuildingBlockType,DocumentModel.Interop.Word.WdBuildingBlockTypes
DocumentModel.Vml.ConnectType,MsoConnectorType
DocumentModel.Vml.HorizontalRuleAlignment,DocumentModel.Interop.Word.WdHorizontalLineAlignment
DocumentModel.WdColors,DocumentModel.Interop.Word.WdColor
DocumentModel.Wordprocessing.NumberFormat,DocumentModel.Interop.Word.WdNumberForm
DocumentModel.Math.HorizontalAlignment,DocumentModel.Interop.Word.WdHorizontalLineAlignment
DocumentModel.Wordprocessing.HorizontalAlignment,DocumentModel.Interop.Word.WdHorizontalLineAlignment
DocumentModel.Vml.BlackAndWhiteMode,MsoBlackWhiteMode
DocumentModel.Wordprocessing.ListLevelAlignmentKind,DocumentModel.Interop.Word.WdListLevelAlignment
DocumentModel.Wordprocessing.ParagraphAlignmentKind,MsoParagraphAlignment
DocumentModel.Drawings.TextAlignment,MsoTextureAlignment
CollapseDirectionKind,DocumentModel.Interop.Word.WdCollapseDirection
DocumentModel.Wordprocessing.BaselineAlignmentKind,MsoBaselineAlignment
DocumentModel.Wordprocessing.TrailingCharacterKind,DocumentModel.Interop.Word.WdTrailingCharacter
DocumentModel.Wordprocessing.VerticalTextAlignment,DocumentModel.Interop.Word.WdVerticalAlignment
DocPropertyType,MsoPropertyType
DocumentModel.Drawings.Diagrams.ConnectionType,MsoConnectorType
DocumentModel.Wordprocessing.UnderlineType,DocumentModel.Interop.Core.XlUnderlineStyle
DocumentModel.Wordprocessing.Unit,DocumentModel.Interop.Word.WdUnits
DocumentModel.Wordprocessing.Vml.HorizontalAnchorType,MsoHorizontalAnchor
MeasurementUnitsKind,DocumentModel.Interop.Word.WdMeasurementUnits
DocumentModel.Wordprocessing.MailMergeSource,DocumentModel.Interop.Word.WdMailMergeDataSource
TextOrientationKind,MsoTextOrientation
DocumentModel.Drawings.LineEndType,DocumentModel.Interop.Word.WdLineEndingType
DocumentModel.Drawings.PresetMaterialType,MsoPresetMaterial
DocumentModel.Wordprocessing.Vml.VerticalAnchorType,MsoVerticalAnchor
DocumentModel.Wordprocessing.TableVerticalAlignment,DocumentModel.Interop.Word.WdVerticalAlignment
DocumentModel.Drawings.Charts.PictureFormat,DocumentModel.Interop.Word.XlCopyPictureFormat
DocumentModel.Drawings.TextFontAlignment,MsoTextFontAlign
DocumentModel.Drawings.TextUnderline,MsoTextUnderlineType
DocumentModel.Math.Justification,DocumentModel.Interop.Word.WdJustificationMode
DocumentModel.Wordprocessing.Justification,DocumentModel.Interop.Word.WdJustificationMode
DocumentModel.Wordprocessing.NoteReferenceType,DocumentModel.Interop.Word.WdReferenceType
DocumentModel.Drawings.ColorSchemeIndex,MsoThemeColorSchemeIndex
DocumentModel.Drawings.Charts.ErrorType,DocumentModel.Interop.Core.XlErrorBarType
DocumentModel.Drawings.LineEndWidth,DocumentModel.Interop.Word.WdLineWidth
DocumentModel.Drawings.PresetCameraType,MsoPresetCamera
DocumentModel.Drawings.TextTabAlignment,MsoTextTabAlign
DocumentModel.Vml.Alignment,DocumentModel.Interop.Word.WdRowAlignment
DocumentModel.Wordprocessing.BuiltInStyleType,DocumentModel.Interop.Word.WdBuiltinStyle
DocumentModel.Wordprocessing.BulletStyle,MsoBulletType
DocumentModel.Wordprocessing.ListLevelNumberStyle,DocumentModel.Interop.Word.WdListNumberStyle
DocumentModel.Wordprocessing.NumberStyle,DocumentModel.Interop.Word.WdNumberType
DocumentModel.Wordprocessing.OutlineLevelKind,DocumentModel.Interop.Word.WdOutlineLevel
DocumentModel.Wordprocessing.StylisticSetKind,DocumentModel.Interop.Word.WdStylisticSet
DocumentModel.Wordprocessing.TabAlignmentKind,DocumentModel.Interop.Word.WdTabAlignment
DocumentModel.Drawings.ChartDrawings.PageOrientation,MsoOrientation
DocumentModel.Drawings.Charts.LabelAlignment,DocumentModel.Interop.Word.WdTabAlignment
DocumentModel.Wordprocessing.LineSpacingRule,DocumentModel.Interop.Word.WdLineSpacing
DocumentModel.Wordprocessing.PageOrientation,MsoOrientation
InformationKind,DocumentModel.Interop.Word.WdInformation
ColorKind,DocumentModel.Interop.Core.XlColorIndex
DocumentModel.Drawings.ChartDrawings.GeoProjectionType,DocumentModel.Interop.Word.WdProtectionType
DocumentModel.Vml.ExtrusionType,MsoExtrusionColorType
DocumentModel.Vml.OleType,DocumentModel.Interop.Word.WdOLEType
DocumentModel.Wordprocessing.ColorIndexKind,DocumentModel.Interop.Core.XlColorIndex
DocumentModel.Wordprocessing.DateFormat,MsoDateTimeFormat
DocumentModel.Drawings.ChartDrawings.DataLabelPos,DocumentModel.Interop.Core.XlDataLabelPosition
DocumentModel.Drawings.Charts.BarDirection,DocumentModel.Interop.Core.XlErrorBarDirection
DocumentModel.Wordprocessing.TableRowAlignment,DocumentModel.Interop.Word.WdRowAlignment
DocumentModel.Vml.FillKind,DocumentModel.Interop.Word.WdFieldKind
DocumentModel.Drawings.Diagrams.Direction,MsoTextDirection
DocumentModel.Drawings.Diagrams.ElementType,MsoSegmentType
DocumentModel.Wordprocessing.Direction,MsoTextDirection
DocumentModel.Wordprocessing.FieldCharType,DocumentModel.Interop.Word.WdFieldType
DocumentModel.Wordprocessing.SortField,DocumentModel.Interop.Word.WdSortFieldType
DocumentModel.Wordprocessing.TabLeaderKind,DocumentModel.Interop.Word.WdTabLeader
DocumentModel.Wordprocessing.TabStopLeader,DocumentModel.Interop.Word.WdTabLeader
SortFieldKind,DocumentModel.Interop.Word.WdFieldKind
SortOrderKind,DocumentModel.Interop.Core.MsoSortOrder
StatisticKind,DocumentModel.Interop.Word.WdStatistic
DocumentModel.Wordprocessing.FontProperties,DocumentModel.Interop.Core.DocProperties
DocumentModel.Wordprocessing.MailMergeData,DocumentModel.Interop.Word.WdMailMergeState
DocumentModel.Wordprocessing.FootnotePosition,DocumentModel.Interop.Word.WdFootnoteLocation
DocumentModel.Drawings.Diagram1.STorageType,DocumentModel.Interop.Word.WdStoryType
DocumentModel.Drawings.Diagrams.HueDirection,MsoTextDirection
DocumentModel.Drawings.LightRigDirection,MsoPresetLightingDirection
DocumentModel.Vml.RuleType,DocumentModel.Interop.Word.WdOLEType
DocumentModel.Wordprocessing.Calendar,DocumentModel.Interop.Word.WdCalendarType
DocumentModel.Wordprocessing.DocPartType,DocumentModel.Interop.Core.XlChartType
DocumentModel.Wordprocessing.Drawings.LightRigDirection,MsoPresetLightingDirection
DocumentModel.Wordprocessing.EndnotePosition,DocumentModel.Interop.Word.WdEndnoteLocation
DocumentModel.Wordprocessing.SchemeColorKind,MsoThemeColorIndex
DocumentModel.Wordprocessing.VerticalPosition,DocumentModel.Interop.Word.WdRelativeVerticalPosition
DocumentModel.Wordprocessing.Vml.WrapSide,DocumentModel.Interop.Word.WdWrapSideType
RowSpacingRule,DocumentModel.Interop.Word.WdOMathSpacingRule
DocumentModel.Wordprocessing.HeaderFooterType,DocumentModel.Interop.Word.WdHeaderFooterIndex
DocumentModel.Wordprocessing.TextBoxFormField,DocumentModel.Interop.Word.WdTextFormFieldType
DocumentModel.Wordprocessing.SectionMarkType,DocumentModel.Interop.Word.WdSelectionType
DocumentModel.Drawings.Charts.AxisPosition,MsoBarPosition
DocumentModel.Drawings.Charts.ScatterStyle,DocumentModel.Interop.Word.WdGutterStyle
DocumentModel.Wordprocessing.Drawings.SizeRelativeHorizontally,DocumentModel.Interop.Word.WdRelativeHorizontalSize
DocumentModel.CustomUI.BoxStyle,MsoComboStyle
DocumentModel.Drawings.Charts.Crosses,DocumentModel.Interop.Core.XlAxisCrosses
DocumentModel.Math.RunStyle,DocumentModel.Interop.Word.WdRulerStyle
DocumentModel.Wordprocessing.DocumentProtectionType,DocumentModel.Interop.Word.WdProtectionType
DocumentModel.Drawings.PenAlignment,DocumentModel.Interop.Word.WdPageNumberAlignment
DocumentModel.Wordprocessing.DateStorageFormat,MsoDateTimeFormat
DocumentModel.Wordprocessing.Drawings.PenAlignment,DocumentModel.Interop.Word.WdPageNumberAlignment
DocumentModel.Drawings.Charts.Shape,DocumentModel.Interop.Core.XlBarShape
DocumentModel.Drawings.TargetScreenSize,MsoScreenSize
DocumentModel.Math.FractionType,MsoReflectionType
DocumentModel.ThemeColors,MsoThemeColorIndex
DocumentModel.Wordprocessing.Comparison,MsoFilterComparison
DocumentModel.Wordprocessing.ListLevelNumberStyleKind,DocumentModel.Interop.Word.WdListNumberStyle
DocumentModel.Wordprocessing.TableLayoutType,MsoCalloutType
DocumentModel.Wordprocessing.TargetScreenSize,MsoScreenSize
DocumentModel.Wordprocessing.TextEffect,MsoPresetTextEffect
DocumentModel.Wordprocessing.ProofingError,DocumentModel.Interop.Word.WdProofreadingErrorType
DocumentModel.Drawings.ChartDrawings.TickMarksType,DocumentModel.Interop.Core.XlTickMark
DocumentModel.Wordprocessing.Drawings.SizeRelativeVertically,DocumentModel.Interop.Word.WdRelativeVerticalSize
DocumentModel.Wordprocessing.InfoTextType,DocumentModel.Interop.Word.WdIndexType
DocumentModel.Wordprocessing.InteropStyle,MsoLineStyle
DocumentModel.Drawings.ChartDrawings.FormulaDirection,DocumentModel.Interop.Word.WdFlowDirection
DocumentModel.Wordprocessing.PageBorderOffset,DocumentModel.Interop.Word.WdPageBorderArt
DocumentModel.Wordprocessing.PageBorderZOrder,DocumentModel.Interop.Word.WdPageBorderArt
DocumentModel.Wordprocessing.TwoLinesInOneBracket,DocumentModel.Interop.Word.WdTwoLinesInOneType
DocumentModel.Vml.StrokeLineStyle,MsoLineStyle
DocumentModel.Drawings.Charts.PageSetupOrientation,MsoTextOrientation
DocumentModel.Drawings.RectangleAlignment,DocumentModel.Interop.Word.WdVerticalAlignment
DocumentModel.Wordprocessing.Drawings.RectangleAlignment,DocumentModel.Interop.Word.WdVerticalAlignment
DocumentModel.Wordprocessing.LevelJustification,DocumentModel.Interop.Word.WdJustificationMode
DocumentModel.Drawings.LineEndLength,DocumentModel.Interop.Word.WdLineEndingType
DocumentModel.Drawings.PresetPattern,MsoPresetMaterial
DocumentModel.Math.LimitLocation,DocumentModel.Interop.Core.MsoScriptLocation
DocumentModel.Wordprocessing.DropCapLocation,DocumentModel.Interop.Word.WdDropPosition
DocumentModel.Drawings.LineCap,MsoLineCapStyle
DocumentModel.Wordprocessing.Drawings.LineCap,MsoLineCapStyle
DocumentModel.Wordprocessing.SourceType,DocumentModel.Interop.Core.XlScaleType
DocumentModel.Wordprocessing.DocPartGalleryType,DocumentModel.Interop.Word.XlChartGallery
DocumentModel.Wordprocessing.ListLevelPosition,DocumentModel.Interop.Word.WdTablePosition
DocumentModel.Wordprocessing.NumberStyleKind,DocumentModel.Interop.Word.WdListNumberStyle
DocumentModel.Wordprocessing.PageBorderDisplay,DocumentModel.Interop.Word.WdPageBorderArt
DocumentModel.Wordprocessing.SdtAppearance,DocumentModel.Interop.Word.XlPictureAppearance
DocumentModel.Wordprocessing.MultiLevel,DocumentModel.Interop.Word.WdOutlineLevel
DocumentModel.Drawings.EffectContainment,MsoTextEffectAlignment
DocumentModel.Wordprocessing.MailMergeDocument,DocumentModel.Interop.Word.WdMailMergeDataSource
DocumentModel.Drawings.Diagrams.ConstraintType,MsoControlType
DocumentModel.Wordprocessing.BulletStyleKind,MsoBulletType
DocumentModel.CustomUI.Style,MsoLineStyle
DocumentModel.Drawings.ChartBuildStep,MsoChartFieldType
DocumentModel.Drawings.ChartDrawings.PosAlign,DocumentModel.Interop.Core.XlHAlign
DocumentModel.Drawings.Shapes,DocumentModel.Interop.Core.XlBarShape
DocumentModel.Vml.StrokeJoinStyle,MsoLineJoinStyle
DocumentModel.Wordprocessing.CharacterSpacing,MsoCharacterSet
DocumentModel.Wordprocessing.Index,DocumentModel.Interop.Word.WdIndexType
DocumentSecurity,DocumentModel.Interop.Word.WdDocumentType
HyperlinkAction,MsoHyperlinkType
DocumentModel.Wordprocessing.FontPropertiesKind,DocumentModel.Interop.Core.DocProperties
DocumentModel.Drawings.Diagrams.PointType,MsoIconType
DocumentModel.Drawings.TextShape,MsoTextCaps
DocumentModel.Wordprocessing.ChapterSeparator,DocumentModel.Interop.Word.XlDataLabelSeparator
DocumentModel.Wordprocessing.DateItem,DocumentModel.Interop.Core.XlChartItem
DocumentModel.Wordprocessing.CryptProvider,EncryptionProviderDetail
DocumentModel.Wordprocessing.MailMergeOdsoField,DocumentModel.Interop.Word.WdMailMergeDataSource
DocumentModel.Drawings.Charts.RadarStyle,DocumentModel.Interop.Word.WdRulerStyle
DocumentModel.Wordprocessing.Drawings.BevelPreset,MsoBevelType
DocumentModel.Wordprocessing.SchemeColor,DocumentModel.Interop.Word.WdCellColor
UnitKind,DocumentModel.Interop.Word.WdDocumentKind
