InteropEnumsFullName,EnumTypesFullName
DocumentModel.Interop.Core.MsoSortOrder,DocumentModel.Wordprocessing.SortOrder
DocumentModel.Interop.Core.XlAxisType,DocumentModel.Drawings.Diagrams.AxisType
DocumentModel.Interop.Core.XlColorIndex,DocumentModel.Wordprocessing.ColorIndex
DocumentModel.Interop.Core.XlDataLabelPosition,DocumentModel.Drawings.Charts.DataLabelPosition
DocumentModel.Interop.Core.XlDisplayBlanksAs,DocumentModel.Drawings.Charts.DisplayBlanksAs
DocumentModel.Interop.Core.XlErrorBarDirection,DocumentModel.Drawings.Charts.ErrorBarDirection
DocumentModel.Interop.Core.XlErrorBarType,DocumentModel.Drawings.Charts.ErrorBarType
DocumentModel.Interop.Core.XlLegendPosition,DocumentModel.Drawings.Charts.LegendPosition
DocumentModel.Interop.Core.XlMarkerStyle,DocumentModel.Drawings.ChartsStyle.MarkerStyle
DocumentModel.Interop.Core.XlSizeRepresents,DocumentModel.Drawings.Charts.SizeRepresents
DocumentModel.Interop.Core.XlTickLabelPosition,DocumentModel.Drawings.Charts.TickLabelPosition
DocumentModel.Interop.Core.XlTickMark,DocumentModel.Drawings.Charts.TickMark
DocumentModel.Interop.Core.XlTimeUnit,DocumentModel.Drawings.Charts.TimeUnit
DocumentModel.Interop.Core.XlTrendlineType,DocumentModel.Drawings.Charts.TrendlineType
DocumentModel.Interop.Word.WdBaselineAlignment,DocumentModel.Wordprocessing.BaselineAlignment
DocumentModel.Interop.Word.WdBorderType,DocumentModel.Vml.BorderType
DocumentModel.Interop.Word.WdBorderTypeHID,DocumentModel.Vml.BorderType
DocumentModel.Interop.Word.WdBreakType,DocumentModel.Wordprocessing.BreakType
DocumentModel.Interop.Word.WdCaptionPosition,DocumentModel.Wordprocessing.CaptionPosition
DocumentModel.Interop.Word.WdCollapseDirection,DocumentModel.Wordprocessing.CollapseDirection
DocumentModel.Interop.Word.WdColorIndex,DocumentModel.Wordprocessing.ColorIndex
DocumentModel.Interop.Word.WdDocumentType,DocumentModel.Wordprocessing.DocumentType
DocumentModel.Interop.Word.WdEmphasisMark,DocumentModel.Wordprocessing.EmphasisMark
DocumentModel.Interop.Word.WdInformation,DocumentModel.Wordprocessing.Information
DocumentModel.Interop.Word.WdLayoutMode,DocumentModel.Drawings.Charts.LayoutMode
DocumentModel.Interop.Word.WdLigatures,DocumentModel.Wordprocessing.Ligatures
DocumentModel.Interop.Word.WdListLevelAlignment,DocumentModel.Wordprocessing.ListLevelAlignment
DocumentModel.Interop.Word.WdMailMergeDestination,DocumentModel.Wordprocessing.MailMergeDestination
DocumentModel.Interop.Word.WdMeasurementUnits,DocumentModel.Wordprocessing.MeasurementUnits
DocumentModel.Interop.Word.WdMeasurementUnitsHID,DocumentModel.Wordprocessing.MeasurementUnits
DocumentModel.Interop.Word.WdNumberForm,DocumentModel.Wordprocessing.NumberForm
DocumentModel.Interop.Word.WdNumberSpacing,DocumentModel.Wordprocessing.NumberSpacing
DocumentModel.Interop.Word.WdOrientation,DocumentModel.Drawings.Charts.Orientation
DocumentModel.Interop.Word.WdOutlineLevel,OutlineLevel
DocumentModel.Interop.Word.WdPaperSize,PaperSize
DocumentModel.Interop.Word.WdParagraphAlignment,DocumentModel.Wordprocessing.ParagraphAlignment
DocumentModel.Interop.Word.WdParagraphAlignmentHID,DocumentModel.Wordprocessing.ParagraphAlignment
DocumentModel.Interop.Word.WdSortOrder,DocumentModel.Wordprocessing.SortOrder
DocumentModel.Interop.Word.WdStatistic,DocumentModel.Wordprocessing.Statistic
DocumentModel.Interop.Word.WdStatisticHID,DocumentModel.Wordprocessing.Statistic
DocumentModel.Interop.Word.WdStoryType,DocumentModel.Wordprocessing.StoryType
DocumentModel.Interop.Word.WdStyleType,DocumentModel.Wordprocessing.StyleType
DocumentModel.Interop.Word.WdStylisticSet,DocumentModel.Wordprocessing.StylisticSet
DocumentModel.Interop.Word.WdTabAlignment,DocumentModel.Wordprocessing.TabAlignment
DocumentModel.Interop.Word.WdTabLeader,DocumentModel.Wordprocessing.TabLeader
DocumentModel.Interop.Word.WdTabLeaderHID,DocumentModel.Wordprocessing.TabLeader
DocumentModel.Interop.Word.WdTextOrientation,DocumentModel.Wordprocessing.TextOrientation
DocumentModel.Interop.Word.WdTextOrientationHID,DocumentModel.Wordprocessing.TextOrientation
DocumentModel.Interop.Word.WdTextboxTightWrap,DocumentModel.Wordprocessing.TextBoxTightWrap
DocumentModel.Interop.Word.WdTrailingCharacter,DocumentModel.Wordprocessing.TrailingCharacter
DocumentModel.Interop.Word.WdVerticalAlignment,DocumentModel.Math.VerticalAlignment
DocumentModel.Interop.Word.WdViewType,DocumentModel.Wordprocessing.ViewType
DocumentModel.Interop.Word.WdWindowState,DocumentModel.WindowState
DocumentModel.Interop.Word.WdWindowType,DocumentModel.WindowType
DocumentModel.Interop.Word.WdWrapType,DocumentModel.Wordprocessing.Vml.WrapType
DocumentModel.Interop.Word.XlAxisType,DocumentModel.Drawings.Diagrams.AxisType
DocumentModel.Interop.Word.XlColorIndex,DocumentModel.Wordprocessing.ColorIndex
DocumentModel.Interop.Word.XlDataLabelPosition,DocumentModel.Drawings.Charts.DataLabelPosition
DocumentModel.Interop.Word.XlDisplayBlanksAs,DocumentModel.Drawings.Charts.DisplayBlanksAs
DocumentModel.Interop.Word.XlErrorBarDirection,DocumentModel.Drawings.Charts.ErrorBarDirection
DocumentModel.Interop.Word.XlErrorBarType,DocumentModel.Drawings.Charts.ErrorBarType
DocumentModel.Interop.Word.XlLegendPosition,DocumentModel.Drawings.Charts.LegendPosition
DocumentModel.Interop.Word.XlMarkerStyle,DocumentModel.Drawings.ChartsStyle.MarkerStyle
DocumentModel.Interop.Word.XlOrientation,DocumentModel.Drawings.Charts.Orientation
DocumentModel.Interop.Word.XlSizeRepresents,DocumentModel.Drawings.Charts.SizeRepresents
DocumentModel.Interop.Word.XlTickLabelPosition,DocumentModel.Drawings.Charts.TickLabelPosition
DocumentModel.Interop.Word.XlTickMark,DocumentModel.Drawings.Charts.TickMark
DocumentModel.Interop.Word.XlTimeUnit,DocumentModel.Drawings.Charts.TimeUnit
DocumentModel.Interop.Word.XlTrendlineType,DocumentModel.Drawings.Charts.TrendlineType
MsoBaselineAlignment,DocumentModel.Wordprocessing.BaselineAlignment
MsoBlackWhiteMode,DocumentModel.Drawings.BlackWhiteMode
MsoColorType,DocumentModel.Wordprocessing.ColorType
MsoConnectorType,DocumentModel.Vml.ConnectorType
MsoFillType,DocumentModel.Vml.FillType
MsoHorizontalAnchor,DocumentModel.Wordprocessing.HorizontalAnchor
MsoLightRigType,DocumentModel.Wordprocessing.Drawings.LightRigType
MsoOrientation,DocumentModel.Drawings.Charts.Orientation
MsoParagraphAlignment,DocumentModel.Wordprocessing.ParagraphAlignment
MsoPresetCamera,DocumentModel.Wordprocessing.Drawings.PresetCamera
MsoPresetMaterial,DocumentModel.Wordprocessing.Drawings.PresetMaterial
MsoScreenSize,DocumentModel.Vml.ScreenSize
MsoShadowType,DocumentModel.Vml.ShadowType
MsoTabStopType,DocumentModel.Wordprocessing.TabStopType
MsoTextCaps,DocumentModel.Drawings.TextCaps
MsoTextDirection,DocumentModel.Wordprocessing.TextDirection
MsoTextOrientation,DocumentModel.Wordprocessing.TextOrientation
MsoTextStrike,DocumentModel.Drawings.TextStrike
MsoVerticalAnchor,DocumentModel.Wordprocessing.VerticalAnchor
DocumentModel.Interop.Word.WdBuildingBlockTypes,DocumentModel.Wordprocessing.BuildingBlockType
DocumentModel.Interop.Word.WdHorizontalLineAlignment,DocumentModel.Vml.HorizontalRuleAlignment
DocumentModel.Interop.Word.WdColor,DocumentModel.WdColors
MsoTextureAlignment,DocumentModel.Drawings.TextAlignment
DocumentModel.Interop.Word.WdCellVerticalAlignment,DocumentModel.Math.VerticalAlignment
DocumentModel.Interop.Core.XlUnderlineStyle,DocumentModel.Wordprocessing.UnderlineType
DocumentModel.Interop.Word.WdNewDocumentType,DocumentModel.Wordprocessing.DocumentType
DocumentModel.Interop.Word.WdUnits,DocumentModel.Wordprocessing.Unit
DocumentModel.Interop.Word.XlUnderlineStyle,DocumentModel.Wordprocessing.UnderlineType
MsoPropertyType,DocPropertyType
DocumentModel.Interop.Word.WdMailMergeDataSource,DocumentModel.Wordprocessing.MailMergeSource
DocumentModel.Interop.Word.WdLineEndingType,DocumentModel.Drawings.LineEndType
DocumentModel.Interop.Core.MsoFileType,DocumentModel.Vml.FillType
DocumentModel.Interop.Word.WdJustificationMode,DocumentModel.Math.Justification
DocumentModel.Interop.Word.WdReferenceType,DocumentModel.Wordprocessing.NoteReferenceType
DocumentModel.Interop.Word.XlCopyPictureFormat,DocumentModel.Drawings.Charts.PictureFormat
MsoTextFontAlign,DocumentModel.Drawings.TextFontAlignment
MsoTextUnderlineType,DocumentModel.Wordprocessing.UnderlineType
MsoThemeColorSchemeIndex,DocumentModel.Drawings.ColorSchemeIndex
DocumentModel.Interop.Word.WdBuiltinStyle,DocumentModel.Wordprocessing.BuiltInStyleType
DocumentModel.Interop.Word.WdLineWidth,DocumentModel.Drawings.LineEndWidth
DocumentModel.Interop.Word.WdListNumberStyle,DocumentModel.Wordprocessing.ListLevelNumberStyle
DocumentModel.Interop.Word.WdListNumberStyleHID,DocumentModel.Wordprocessing.ListLevelNumberStyle
DocumentModel.Interop.Word.WdNumberType,DocumentModel.Wordprocessing.NumberStyle
DocumentModel.Interop.Word.WdRowAlignment,DocumentModel.Vml.Alignment
MsoBulletType,DocumentModel.Wordprocessing.BulletStyle
MsoShadowStyle,DocumentModel.Vml.ShadowType
MsoTextTabAlign,DocumentModel.Drawings.TextTabAlignment
DocumentModel.Interop.Word.WdLineSpacing,DocumentModel.Wordprocessing.LineSpacingRule
DocumentModel.Interop.Word.WdNoteNumberStyle,DocumentModel.Wordprocessing.NumberStyle
DocumentModel.Interop.Word.WdNoteNumberStyleHID,DocumentModel.Wordprocessing.NumberStyle
DocumentModel.Interop.Word.WdPageNumberStyle,DocumentModel.Wordprocessing.NumberStyle
DocumentModel.Interop.Word.WdPageNumberStyleHID,DocumentModel.Wordprocessing.NumberStyle
DocumentModel.Interop.Word.WdLineType,DocumentModel.Drawings.LineEndType
DocumentModel.Interop.Word.WdViewTypeOld,DocumentModel.Wordprocessing.ViewType
DocumentModel.Interop.Word.WdProtectionType,DocumentModel.Drawings.ChartDrawings.GeoProjectionType
MsoExtrusionColorType,DocumentModel.Vml.ExtrusionType
DocumentModel.Interop.Word.WdOLEType,DocumentModel.Vml.OleType
MsoDateTimeFormat,DocumentModel.Wordprocessing.DateFormat
MsoTextEffectAlignment,DocumentModel.Drawings.TextFontAlignment
DocumentModel.Interop.Word.WdFieldKind,DocumentModel.Vml.FillKind
DocumentModel.Interop.Word.WdFieldType,DocumentModel.Vml.FillType
DocumentModel.Interop.Core.MsoConnector,DocumentModel.Vml.ConnectorType
DocumentModel.Interop.Word.WdFlowDirection,DocumentModel.Drawings.Diagrams.Direction
DocumentModel.Interop.Word.WdGoToDirection,DocumentModel.Drawings.Diagrams.Direction
DocumentModel.Interop.Word.WdSortFieldType,DocumentModel.Wordprocessing.SortField
DocumentModel.Interop.Word.WdSortFieldTypeHID,DocumentModel.Wordprocessing.SortField
DocumentModel.Interop.Word.WdUnderline,DocumentModel.Wordprocessing.UnderlineType
MsoSegmentType,DocumentModel.Drawings.Diagrams.ElementType
MsoSyncErrorType,DocumentModel.Drawings.Charts.ErrorType
DocumentModel.Interop.Core.DocProperties,DocumentModel.Wordprocessing.FontProperties
DocumentModel.Interop.Core.XlChartOrientation,DocumentModel.Drawings.Charts.Orientation
DocumentModel.Interop.Word.WdMailMergeState,DocumentModel.Wordprocessing.MailMergeData
DocumentModel.Interop.Word.WdTableDirection,DocumentModel.Wordprocessing.TextDirection
MsoChartElementType,DocumentModel.Drawings.Diagrams.ElementType
MsoDocProperties,DocumentModel.Wordprocessing.FontProperties
DocumentModel.Interop.Word.WdFootnoteLocation,DocumentModel.Wordprocessing.FootnotePosition
DocumentModel.Interop.Core.XlTickLabelOrientation,DocumentModel.Drawings.Charts.TickLabelPosition
DocumentModel.Interop.Word.XlTickLabelOrientation,DocumentModel.Drawings.Charts.TickLabelPosition
DocumentModel.Interop.Core.XlChartType,DocumentModel.Wordprocessing.DocPartType
DocumentModel.Interop.Word.WdCalendarType,DocumentModel.Wordprocessing.Calendar
DocumentModel.Interop.Word.WdEndnoteLocation,DocumentModel.Wordprocessing.EndnotePosition
DocumentModel.Interop.Word.WdOMathSpacingRule,RowSpacingRule
DocumentModel.Interop.Word.WdRelativeVerticalPosition,DocumentModel.Wordprocessing.VerticalPosition
DocumentModel.Interop.Word.WdSaveFormat,DocumentModel.Wordprocessing.DateFormat
DocumentModel.Interop.Word.WdTablePosition,DocumentModel.Drawings.Charts.DataLabelPosition
DocumentModel.Interop.Word.WdThemeColorIndex,DocumentModel.Wordprocessing.ColorIndex
DocumentModel.Interop.Word.WdWrapSideType,DocumentModel.Wordprocessing.Vml.WrapSide
MsoBarProtection,DocumentModel.Drawings.Charts.BarDirection
MsoLineFillType,DocumentModel.Vml.FillType
MsoPathFormat,DocumentModel.Wordprocessing.DateFormat
MsoPresetLightingDirection,DocumentModel.Wordprocessing.Drawings.LightRigDirection
MsoThemeColorIndex,DocumentModel.Wordprocessing.ColorIndex
DocumentModel.Interop.Word.WdCompareDestination,DocumentModel.Wordprocessing.MailMergeDestination
DocumentModel.Interop.Word.WdHeaderFooterIndex,DocumentModel.Wordprocessing.HeaderFooterType
DocumentModel.Interop.Word.WdTextFormFieldType,DocumentModel.Wordprocessing.TextBoxFormField
DocumentModel.Interop.Word.WdSelectionType,DocumentModel.Wordprocessing.SectionMarkType
DocumentModel.Interop.Word.WdGutterStyle,DocumentModel.Drawings.Charts.ScatterStyle
DocumentModel.Interop.Word.WdLetterStyle,DocumentModel.Drawings.Charts.ScatterStyle
DocumentModel.Interop.Word.WdMovementType,DocumentModel.Drawings.Diagrams.ElementType
DocumentModel.Interop.Word.WdRelativeHorizontalSize,DocumentModel.Wordprocessing.Drawings.SizeRelativeHorizontally
MsoBarPosition,DocumentModel.Drawings.Charts.AxisPosition
DocumentModel.Interop.Core.XlAxisCrosses,DocumentModel.Drawings.Charts.Crosses
DocumentModel.Interop.Core.XlScaleType,DocumentModel.Wordprocessing.StyleType
DocumentModel.Interop.Word.WdRulerStyle,DocumentModel.Math.RunStyle
DocumentModel.Interop.Word.XlAxisCrosses,DocumentModel.Drawings.Charts.Crosses
DocumentModel.Interop.Word.XlScaleType,DocumentModel.Wordprocessing.StyleType
MsoComboStyle,DocumentModel.CustomUI.BoxStyle
MsoModeType,DocumentModel.Vml.BorderType
DocumentModel.Interop.Word.WdPageNumberAlignment,DocumentModel.Wordprocessing.Drawings.PenAlignment
MsoMetaPropertyType,DocPropertyType
DocumentModel.Interop.Core.XlBarShape,DocumentModel.Drawings.Charts.Shape
DocumentModel.Interop.Core.XlDataLabelsType,DocumentModel.Drawings.ChartDrawings.DataLabelPos
DocumentModel.Interop.Word.WdDocumentDirection,DocumentModel.Wordprocessing.DocumentProtectionType
DocumentModel.Interop.Word.WdHelpType,DocumentModel.Vml.OleType
DocumentModel.Interop.Word.WdHelpTypeHID,DocumentModel.Vml.OleType
DocumentModel.Interop.Word.XlBarShape,DocumentModel.Drawings.Charts.Shape
DocumentModel.Interop.Word.XlDataLabelsType,DocumentModel.Drawings.ChartDrawings.DataLabelPos
MsoCalloutType,DocumentModel.Wordprocessing.TableLayoutType
MsoFilterComparison,DocumentModel.Wordprocessing.Comparison
MsoPresetTextEffect,DocumentModel.Wordprocessing.TextEffect
MsoReflectionType,DocumentModel.Math.FractionType
DocumentModel.Interop.Word.WdEnvelopeOrientation,DocumentModel.Drawings.ChartDrawings.PageOrientation
DocumentModel.Interop.Word.WdProofreadingErrorType,DocumentModel.Wordprocessing.ProofingError
DocumentModel.Interop.Core.XlCategoryType,DocumentModel.Wordprocessing.StoryType
DocumentModel.Interop.Word.WdIndexFormat,DocumentModel.Wordprocessing.DateFormat
DocumentModel.Interop.Word.WdIndexType,DocumentModel.Wordprocessing.InfoTextType
DocumentModel.Interop.Word.WdLineStyle,DocumentModel.Wordprocessing.InteropStyle
DocumentModel.Interop.Word.WdRelativeVerticalSize,DocumentModel.Wordprocessing.Drawings.SizeRelativeVertically
DocumentModel.Interop.Word.WdTableFormat,DocumentModel.Wordprocessing.DateFormat
DocumentModel.Interop.Word.XlCategoryType,DocumentModel.Wordprocessing.StoryType
DocumentModel.Interop.Word.XlLineStyle,DocumentModel.Wordprocessing.InteropStyle
MsoLineStyle,DocumentModel.Wordprocessing.InteropStyle
DocumentModel.Interop.Word.WdCaptionNumberStyle,DocumentModel.Wordprocessing.NumberStyle
DocumentModel.Interop.Word.WdCaptionNumberStyleHID,DocumentModel.Wordprocessing.NumberStyle
DocumentModel.Interop.Word.WdDictionaryType,DocumentModel.Wordprocessing.SectionMarkType
DocumentModel.Interop.Word.WdDictionaryTypeHID,DocumentModel.Wordprocessing.SectionMarkType
DocumentModel.Interop.Word.WdPageBorderArt,DocumentModel.Wordprocessing.PageBorderOffset
DocumentModel.Interop.Word.WdSectionDirection,DocumentModel.Wordprocessing.TextDirection
DocumentModel.Interop.Word.WdAlignmentTabAlignment,DocumentModel.Drawings.TextTabAlignment
DocumentModel.Interop.Word.WdTwoLinesInOneType,DocumentModel.Wordprocessing.TwoLinesInOneBracket
DocumentModel.Interop.Word.WdEditionType,DocumentModel.Vml.ExtrusionType
DocumentModel.Interop.Word.WdListType,DocumentModel.Drawings.Diagrams.AxisType
MsoBarType,DocumentModel.Wordprocessing.BreakType
MsoControlType,DocumentModel.Vml.ConnectorType
MsoLineCapStyle,DocumentModel.Wordprocessing.InteropStyle
DocumentModel.Interop.Word.WdHorizontalLineWidthType,DocumentModel.Wordprocessing.Vml.HorizontalAnchorType
DocumentModel.Interop.Core.MsoScriptLocation,DocumentModel.Math.LimitLocation
DocumentModel.Interop.Word.WdDropPosition,DocumentModel.Wordprocessing.EndnotePosition
DocumentModel.Interop.Word.WdSectionStart,DocumentModel.Wordprocessing.SectionMarkType
DocumentModel.Interop.Word.WdCursorType,DocumentModel.Wordprocessing.ColorType
DocumentModel.Interop.Word.WdEditorType,DocumentModel.Wordprocessing.StoryType
DocumentModel.Interop.Word.WdLinkType,DocumentModel.Drawings.LineEndType
DocumentModel.Interop.Word.WdToaFormat,DocumentModel.Wordprocessing.DateFormat
DocumentModel.Interop.Word.WdTocFormat,DocumentModel.Wordprocessing.DateFormat
DocumentModel.Interop.Word.WdTofFormat,DocumentModel.Wordprocessing.DateFormat
MsoButtonStyle,DocumentModel.CustomUI.BoxStyle
MsoIconType,DocumentModel.Vml.ConnectType
MsoShapeType,DocumentModel.Vml.ShadowType
DocumentModel.Interop.Word.XlChartGallery,DocumentModel.Wordprocessing.DocPartGalleryType
DocumentModel.Interop.Word.XlPictureAppearance,DocumentModel.Wordprocessing.SdtAppearance
MsoCTPDockPosition,DocumentModel.Wordprocessing.CaptionPosition
MsoNumberedBulletStyle,DocumentModel.Wordprocessing.BulletStyle
MsoOrgChartOrientation,DocumentModel.Drawings.Charts.Orientation
DocumentModel.Interop.Word.WdCalendarTypeBi,DocumentModel.Wordprocessing.Calendar
DocumentModel.Interop.Word.WdEnclosureType,DocumentModel.Wordprocessing.ColorType
DocumentModel.Interop.Word.WdHorizontalInVerticalType,DocumentModel.Wordprocessing.Vml.HorizontalAnchorType
DocumentModel.Interop.Word.WdListGalleryType,DocumentModel.Wordprocessing.DocPartGalleryType
DocumentModel.Interop.Word.WdScrollbarType,DocumentModel.Wordprocessing.ColorType
DocumentModel.Interop.Word.WdSeparatorType,DocumentModel.Wordprocessing.StoryType
DocumentModel.Interop.Word.WdWrapTypeMerged,DocumentModel.Wordprocessing.Vml.WrapType
MsoFileDialogType,DocumentModel.Vml.FillType
DocumentModel.Interop.Core.XlPivotFieldOrientation,DocumentModel.Drawings.ChartDrawings.PageOrientation
DocumentModel.Interop.Word.XlPivotFieldOrientation,DocumentModel.Drawings.ChartDrawings.PageOrientation
DocumentModel.Interop.Word.WdFramePosition,DocumentModel.Drawings.Charts.AxisPosition
DocumentModel.Interop.Word.WdRelativeHorizontalPosition,DocumentModel.Wordprocessing.Drawings.SizeRelativeHorizontally
DocumentModel.Interop.Word.WdRevisionType,DocumentModel.Vml.ExtrusionType
DocumentModel.Interop.Word.WdShapePosition,DocumentModel.Drawings.Charts.AxisPosition
MsoAlertIconType,DocumentModel.Math.FractionType
MsoAnimationType,DocumentModel.Math.FractionType
MsoBalloonErrorType,DocumentModel.Drawings.Charts.ErrorType
MsoLineJoinStyle,DocumentModel.Wordprocessing.InteropStyle
MsoPictureColorType,DocumentModel.Wordprocessing.ColorType
DocumentModel.Interop.Core.MsoContactCardType,DocumentModel.Vml.ConnectorType
DocumentModel.Interop.Core.XlHAlign,DocumentModel.Drawings.ChartDrawings.PosAlign
DocumentModel.Interop.Core.XlVAlign,DocumentModel.Drawings.ChartDrawings.PosAlign
DocumentModel.Interop.Word.WdPictureLinkType,DocumentModel.Drawings.Charts.TrendlineType
DocumentModel.Interop.Word.WdStyleSort,DocumentModel.CustomUI.Style
DocumentModel.Interop.Word.XlHAlign,DocumentModel.Drawings.ChartDrawings.PosAlign
DocumentModel.Interop.Word.XlRgbColor,DocumentModel.WdColors
DocumentModel.Interop.Word.XlVAlign,DocumentModel.Drawings.ChartDrawings.PosAlign
MsoBevelType,DocumentModel.Vml.OleType
MsoCharacterSet,DocumentModel.Wordprocessing.CharacterSpacing
MsoChartFieldType,DocumentModel.Drawings.ChartBuildStep
MsoHyperlinkType,HyperlinkAction
MsoMixedType,DocumentModel.Vml.OleType
MsoSyncVersionType,DocumentModel.Vml.ExtrusionType
DocumentModel.Interop.Word.WdOMathFunctionType,DocumentModel.Drawings.Diagrams.ConnectionType
DocumentModel.Interop.Word.WdContentControlDateStorageFormat,DocumentModel.Wordprocessing.DateStorageFormat
DocumentModel.Interop.Core.XlChartElementPosition,DocumentModel.Drawings.Charts.LegendPosition
DocumentModel.Interop.Core.XlChartItem,DocumentModel.Wordprocessing.DateItem
DocumentModel.Interop.Word.WdLockType,DocumentModel.Wordprocessing.ColorType
DocumentModel.Interop.Word.XlChartElementPosition,DocumentModel.Drawings.Charts.LegendPosition
DocumentModel.Interop.Word.XlChartItem,DocumentModel.Wordprocessing.DateItem
DocumentModel.Interop.Word.XlDataLabelSeparator,DocumentModel.Wordprocessing.ChapterSeparator
MsoAlignCmd,DocumentModel.Vml.Alignment
MsoPresetGradientType,DocumentModel.Drawings.PresetCameraType
MsoRelativeNodePosition,DocumentModel.Drawings.Charts.LegendPosition
DocumentModel.Interop.Word.WdMailMergeMainDocType,DocumentModel.Wordprocessing.MailMergeDocument
EncryptionProviderDetail,DocumentModel.Wordprocessing.CryptProvider
MsoPresetExtrusionDirection,DocumentModel.Wordprocessing.TextDirection
DocumentModel.Interop.Word.WdAlertLevel,DocumentModel.Wordprocessing.MultiLevel
DocumentModel.Interop.Word.WdAnimation,DocumentModel.Wordprocessing.Information
DocumentModel.Interop.Word.WdArrangeStyle,DocumentModel.Math.RunStyle
DocumentModel.Interop.Word.WdCellColor,DocumentModel.Wordprocessing.SchemeColor
DocumentModel.Interop.Word.WdOMathType,DocumentModel.Wordprocessing.DocPartType
DocumentModel.Interop.Word.WdOpenFormat,DocumentModel.Wordprocessing.DateFormat
DocumentModel.Interop.Word.XlPattern,DocumentModel.Drawings.PresetPattern
MailFormat,DocumentModel.Wordprocessing.DateFormat
MsoTextCharWrap,DocumentModel.Drawings.TextCaps
MsoWarpFormat,DocumentModel.Wordprocessing.DateFormat
